relative_path,category,size_bytes,sha256
LICENSE_STATUS.md,documentation,670,e906deda51abe90235d486c661b4a31dc151315af551105846df9258e31892b4
PACKAGE_STATUS.md,documentation,993,8b009f8d8fc5e177e40e04443f062713e79631f2f8ab47bbb23b17289ff8ec50
README.md,documentation,2403,79c0c811e592bd5ee12b3fb86f5833f7664c1a91dfaa1af6391f027485c17d92
code/original/stata/102100.do,code,7088,c4bc55954607da7f64aa98afe6214734627962290a39557ba36d28707a43dbb8
code/original/stata/1995.do,code,2331,7876cce23d4e607b7d183091af7f5e925a565040aba8c6150b1b17427bca3fba
code/original/stata/90reg.do,code,9576,16bfd4af3b5a8c42a5cef51e73c67248da4923f71936eec6cf1c3cad5b36d259
code/original/stata/Untitled.do,code,684,e6fd3168635c84dd45ff06b82bad9f7dea5ca42b233dfe62b0fc2da524d5a14f
code/original/stata/age.do,code,953,00567a602c48d9f60970a5230bd769c437c95a8c96b3fd740ad86b3be5705a5b
code/original/stata/age_result.do,code,6433,ba27a57c9863ac4724cef558a3d892e94946053ac67a7bb822bf46e31a2653e0
code/original/stata/class_age.do,code,2231,3ca20bec9530be497b7912c22eda2104a992b9d5b20507feab04ad584774ded0
code/original/stata/collapse.do,code,192,8166576a8b531e0368b1cc05917b1c554fb4789988add3a50728758959663739
code/original/stata/collapse90.do,code,125,5636b789e067184e7c64622329c8a253b2d23d00462af03e789629c0a4ae0b0a
code/original/stata/compare95.do,code,1761,f0c1c8c407b47b4ffe468ab6c9a433f17220c12725d556b7c95739b0d5d50c3d
code/original/stata/cong90.do,code,17797,01c047f8dd95897fbf44b96da12543260c8ea7c021330c3681e87b13f3750305
code/original/stata/cong95.do,code,1399,0a494093a29614cba3536dce9e4745c0c590715b0197b592dea421babc2fc1ad
code/original/stata/congworkers.do,code,189,d6ea153d6bf63bfca9292ace6a91ac1a09824f0482f886b04c1d74f3827d3181
code/original/stata/dobeh95.do,code,2383,454f25a196d43ea11145ab6b55b33bd77e6d9a8e28c8b34dfedbc9f7055153b0
code/original/stata/dummcong90.do,code,17249,2191addae35f62d6856fa71ee361ef6a349281aa5e0702b40577021172e95b94
code/original/stata/dummcong95.do,code,22855,b8cabe755e79c5d9b69c6d3601580af75082912e613d31aa5986f0f1953afa6d
code/original/stata/first_instru.do,code,4046,3d32df1a69a204366a9d7155eb4cc54b0d536dac0d77dbdf1ba407d92c640f1d
code/original/stata/hwy9095.do,code,1514,d04be3f4fb8246fd954a81b52d5fc2fad2f9fc3d44cb2bb12247cc6515083314
code/original/stata/inst.do,code,6225,1bf0c0af698a4c7dfdcf48f78cdf38b98dfabe6745d6802f4faab5c77cfbe6b3
code/original/stata/intrust.do,code,7443,8047a13e020dbc17df9f5697f0cb6500abb74ad6f8e85691b1a0254345a4086d
code/original/stata/intrust1.do,code,8031,46060b5b006baea5096098c99c244e7dccfcecbdeb923cd0a4bd2152498741b2
code/original/stata/just.do,code,694,18f5b0f50756e192bc7ad9d440bf681db5b570912c6814c3fe2c338cf693d6aa
code/original/stata/model.do,code,954,5e4a0433ec16315c4f8abe3af7a855a56390476a67b4e0daee6e26d83253497e
code/original/stata/model1.do,code,3534,d6262cf845b4c4b29c6a1b0ee8b22ff3ceb1356758bffe5356fa8f095fdde785
code/original/stata/model2.do,code,592,99e4ae94740e9fff5bc5a21fb234a41472317a100e66e68341e7c4c67a8c2c79
code/original/stata/model_cong.do,code,1621,a5f201c850f9f9b9b7c89dace81e7a2d99857ff94e1ca02b67fec61ae8645312
code/original/stata/modelcong9095.do,code,6829,2a41bc1ba7e981e424c623b6d399c810cf376cd5f75de8563df77d1b05fe16f9
code/original/stata/modst2.do,code,946,8add0ba2dfdd526b12b1208a4cfcecbc0b53e918dbeb27d311249e880f50c97e
code/original/stata/nonworkcong.do,code,714,cdf1e6db86a4930318b9ccc09ba4d3c16c09795d5423f40a77a841ce91c5e1a6
code/original/stata/ntrip95.do,code,723,bbe995cde911775e8fecc85967c6835b75421493f68fbc8f5bd9792a0dfdb688
code/original/stata/nwrk90.do,code,6784,51d7e73153e368acaa1473c21254fef03453048de00b85681f94f1988800181c
code/original/stata/pap2_1995.do,code,18399,41729ea3ecb5e3c75d8a042bed85874387fa839a764b4352207870177d2b7b2d
code/original/stata/paper2.do,code,11390,1b5dd2f5842788a0d3e8afd0a3a474a7a248df968d9490702234cc476be5d618
code/original/stata/paper95.do,code,17438,cc8df6e7ef819f475c41388ea2370617e3ad71a5112d8819eb7c9e3a1e624fe6
code/original/stata/r-sq-1995.do,code,1479,b87d307a209b18ed368892723e625742efba7222ba9881cec9351680c64ea357
code/original/stata/r-sq-dumm95.do,code,20655,f49548f1c02ce65c1a04cccb3337149c98c37d9766afbc8e97338a7f336a572d
code/original/stata/r-sq-final.do,code,1804,1d203347219f96f77281841e1c897c504729ad21976de9365a53bd4cbc08bc4a
code/original/stata/r-sq-regress95-test.do,code,8145,af2198f17d639c99df05ec471fb0a52a70bdbd98940bb777d36dfe58ff62b874
code/original/stata/regress-r-sq-95.do,code,6216,3b29c89eb3e5bd9d78f80bfc904fd3cba9fe75e6c145a0e158ceabf67c3ca878
code/original/stata/regress-r-sq.do,code,3651,8e53dd046925eaee7fa25f95519df85f0f4c0e774dcfea9d8d8cb451b0c24813
code/original/stata/state90.do,code,13011,852dda775355df9cf4340b2ac6ae43fddfdafcf8879fa243cbc02d08cb070344
code/original/stata/state95.do,code,13531,eb8b501b9cab7629ade60be07d82dca927469370c0d45d6b07a0d5711311e7a7
code/original/stata/sum95.do,code,803,f593992cc1ba841fa6a541dd79ae2d5837e132dedf009df6686a7f9fe18d521c
code/original/stata/test.do,code,951,db21e5a52956bef161afac49fcd19ea2ffe42d1dcaf54a624f8f60fbb02b6cd2
code/original/stata/test1.do,code,2471,2fcf0b9f4bf9e902d5a270d39418fdd40f8a0bf62d8c85188a9676c4bdcb0ee6
code/original/stata/test90.do,code,1429,691dc262b1f2f0ec3053519313506435a2a6633b811ba644a666ea03c95ff5f5
code/original/stata/test_instru.do,code,4318,e06acb624baced1418b49dd6551d2d414ac6a918f046d6b30f1fc26e81f83afd
code/original/stata/testbts95.do,code,466,f090a89e92be74c9d8d6f13bf4b59daea974aed4c1eb0d340bc57b31c23a05bb
code/original/stata/tthat90.do,code,4220,f5a024e3468c48e236e8af4744b5611be154b654eaeadf572d9a5fa0d3b27c32
code/original/stata/tthat95.do,code,20625,9a60af31a57616c653609895279e8d6af42b9990ff19febb81fd78f42ad7703d
code/original/stata/workercong.do,code,825,a282b36bdcf9f50912ed8835b620a2f308f7080953d9d8db2ecee401969b6995
code/original/stata/wrk90.do,code,7810,2630fff577f8d0eeb7fd7ce5e575fb1ad363bb03aeb32626d424783ed832523a
data/derived_workbooks/modernized/TT95.xlsx,data,9184,066182d23c9d667e4445eb6d7239e0377609d7c1d275a3c730ba99e14b0e16a8
data/derived_workbooks/modernized/TT9590.xlsx,data,13824,4b713f87a2aef02f1112ed70d69a9aa2dc0ab0c769819ea903a7adf6c3b11ef8
data/derived_workbooks/modernized/copypatterns.xlsx,data,31687,52363db4eb9b32e0fa70d12a01720825c64599c0da08896444d440e794362f0e
data/derived_workbooks/modernized/elas90.xlsx,data,18757,7611c3dcd44c51d9cb31ed8689acda604783e02f3d224b366b2f3dfe1b36909e
data/derived_workbooks/modernized/life.xlsx,data,7818,4916f5d7fea9bb9f04b55dd8c629cf93bd382abffc73e861ced336df6c6b6f46
data/derived_workbooks/modernized/non-workcopypatterns.xlsx,data,43476,a00957590dacbc5351cba9995c3a01b9a165c9ddb27bd3f17b2cca5232bd86fd
data/derived_workbooks/modernized/othercopypatterns.xlsx,data,35192,82358b18d6b3352e43642365668cf69e2072083995b3df54d84b38df01134b6a
data/derived_workbooks/modernized/othernwcopypatterns.xlsx,data,47989,b15b755b30b19997aca72a93e7c77f5b34613f31803443f30a075f0ab645822d
data/derived_workbooks/modernized/shopcopypatterns.xlsx,data,35600,214ca6bff5dc487db0920d4df18b80032e63190cfa7a31ad913f960e2adffac4
data/derived_workbooks/modernized/shopnwcopypatterns.xlsx,data,47358,5d72b9f3d0142e85b17052c0c8e295f26ac370808c612975af552f30d9da6be4
data/derived_workbooks/modernized/table_3.xlsx,data,16347,072c545d17fe8092abff782f41ba51dfe6d6ba163b3c04296b5f058495bcc838
data/derived_workbooks/original/TT95.XLS,data,10752,fac6dc82375186c97d7ea696c7060f5c90e695fdb7b02c48f7e066977a55cdf5
data/derived_workbooks/original/TT9590.XLS,data,22528,82f1b80529d14832f240fc4278776503881eeb144cb5b6c196cf35870429f91a
data/derived_workbooks/original/copypatterns.xls,data,34304,e6cf5bc7175f1555e49c18efc6c6900989a45bcc98ba2d267afe5d8825f8af67
data/derived_workbooks/original/elas90.xls,data,27136,c014881ec34edc83dfa02e861f9f986bbb40406aceea9ec960e8e92eaa141894
data/derived_workbooks/original/life.xls,data,8192,4fedc42c5eea58d386a6a9626875ad52b153010b4994bac069d792ece2c57692
data/derived_workbooks/original/non-workcopypatterns.xls,data,32768,d0999b1f163f9bb1df88780eabd5413e8e97fb123ceaf2df14e76c960318ca4a
data/derived_workbooks/original/othercopypatterns.xls,data,33280,ef2fa5b62f11005b4e18146565a2a137190e024a525e47f08295864e9ae3f332
data/derived_workbooks/original/othernwcopypatterns.xls,data,33280,aefc3fce75ce7cf6367a6f3e933e1b78319ef43e93a8443e7c123c986b8faae0
data/derived_workbooks/original/shopcopypatterns.xls,data,33792,babd7ebcffaa5818362c27dd59cb64704d725257bf6f5d4dc3f5dea6adf0eb70
data/derived_workbooks/original/shopnwcopypatterns.xls,data,33280,d55b4f72831bee6ddf4327a7b6599dc678b99cb6b720877f8b9b7fd4abcd59ad
data/derived_workbooks/original/table_3.xls,data,15710,c86e8bb8f52fc023782a8c36c8c30e608cb1f2e48c797c6bf0dfe1b023898868
documentation/PAPER_FIRST_VALIDATION.md,documentation,1660,1276c676b7200d9b59030400f22a96c177494ec64128020eb8b77a0995bc9b59
documentation/SOURCE_BOUNDARY.md,documentation,944,7bbd4a29eafbe28cc68504b9e4dd5be9971829bffd2bb1027c2908eab157dcff
metadata/CODE_FILE_SUMMARY.csv,metadata,5989,f8091630d2c6e693135798312ab64c49c01734281b55d9f73cae8a6a8c2268ed
metadata/SOURCE_FILE_REVIEW.csv,metadata,1448,8e38b4cc16b5f66e9f955daf0ad24e27caed1a9a29e7e115d7c56c58b8aa9f3a
metadata/WORKBOOK_SHEET_INVENTORY.csv,metadata,2398,c05fd5ff7b9e9086ca84d78dae8e549844a540292f4d6bc59bc4993f00938247
paper/README.md,paper_reference,565,413c8b5624909b2ae7b31ac7b1963ad49b89ed3b99ec30319360c95c64152e79
paper/RoadCapacityAllocationOfTime.pdf,paper_reference,258503,aeb01aaa2f62e1f73fefdffe606ae7ceb79088d42adc1e4a5a814a120fa1a0d2
